_id,name,email,lastLogin,joined
65292080cfecc1171922e12c,arun rawat,anuj22rawat20.com,5 days ago,5 days ago
652d1beccff7ff3ff3c55190,anuj rawat,rawat22anuj20@gmail.com,2 days ago,2 days ago
652d2259cff7ff3ff3c55237,ritik verma,ritikverma@gmail.com,2 days ago,2 days ago
652d2276cff7ff3ff3c5523c,monu rawat,monurawat@gmail.com,2 days ago,2 days ago
652d228dcff7ff3ff3c55241,Jonny rawat,jonnurawat@gmail.com,2 days ago,2 days ago
652d22adcff7ff3ff3c55247,dinesh rawat,dd912@gmail.com,2 days ago,2 days ago
652d22b8cff7ff3ff3c5524a,dhruv rawat,dhruv@gmail.com,2 days ago,2 days ago
652d22e1cff7ff3ff3c55250,devashish mamgain,devashish@gmail.com,2 days ago,2 days ago
652d22f3cff7ff3ff3c55253,Ujjwal Gupta,UjjwalGupta@gmail.com,2 days ago,2 days ago
652d2311cff7ff3ff3c55259,vaibhav dhondiyal,vaibhavdhondiyal@gmail.com,2 days ago,2 days ago